{
  "Random Forest": {
    "accuracy": 0.7675212916962385,
    "precision": 0.8321867462349986,
    "recall": 0.7675212916962385,
    "f1": 0.764143959253371,
    "train_time": 9.40812349319458,
    "cm": [
      [
        9435,
        276
      ],
      [
        4965,
        7868
      ]
    ]
  },
  "XGBoost": {
    "accuracy": 0.8056689141234918,
    "precision": 0.8518153805241896,
    "recall": 0.8056689141234918,
    "f1": 0.8046432084514886,
    "train_time": 8.730182647705078,
    "cm": [
      [
        9432,
        279
      ],
      [
        4102,
        8731
      ]
    ]
  },
  "DNN": {
    "accuracy": 0.7721344925479063,
    "precision": 0.8377168459985187,
    "recall": 0.7721344925479063,
    "f1": 0.7687900419317824,
    "train_time": 145.53386759757996,
    "cm": [
      [
        9493,
        218
      ],
      [
        4919,
        7914
      ]
    ]
  },
  "LSTM Autoencoder": {
    "accuracy": 0.4353708303761533,
    "precision": 0.6174438585730136,
    "recall": 0.4353708303761533,
    "f1": 0.27305675796220813,
    "train_time": 53.28186893463135,
    "cm": [
      [
        9662,
        49
      ],
      [
        12680,
        153
      ]
    ]
  }
}